,sounding,X,Y,Z,line,DOI
0,0,254456.72901915663,4091882.756009787,121.5,sa_5_2022_spring_cdwr_203003,273.781
1,1,254479.211463544,4091852.0779024027,120.9,sa_5_2022_spring_cdwr_203003,267.015
2,2,254501.73533213843,4091820.5397604303,116.4,sa_5_2022_spring_cdwr_203003,256.525
3,3,254524.50842075373,4091789.5168228224,118.6,sa_5_2022_spring_cdwr_203003,227.53
4,4,254547.81495903133,4091759.827645445,116.4,sa_5_2022_spring_cdwr_203003,263.695
5,5,254572.11114376882,4091731.3485642644,118.5,sa_5_2022_spring_cdwr_203003,222.39
6,6,254597.51498458022,4091703.5996540375,115.3,sa_5_2022_spring_cdwr_203003,190.927
7,7,254623.52347570122,4091676.0268713273,114.2,sa_5_2022_spring_cdwr_203003,165.154
8,8,254649.29867064743,4091648.1335632605,111.4,sa_5_2022_spring_cdwr_203003,147.538
9,9,254673.80732949747,4091619.749302507,106.4,sa_5_2022_spring_cdwr_203003,138.469
10,10,254696.40325694575,4091590.80856984,97.9,sa_5_2022_spring_cdwr_203003,127.436
11,11,254717.29692447177,4091561.0939544244,91.2,sa_5_2022_spring_cdwr_203003,121.23
12,12,254737.43299510545,4091530.3258858826,91.9,sa_5_2022_spring_cdwr_203003,113.351
13,13,254757.63280460812,4091499.0952209844,98.9,sa_5_2022_spring_cdwr_203003,104.176
14,14,254778.6693521151,4091468.4471269543,109.6,sa_5_2022_spring_cdwr_203003,115.916
15,15,254801.43854148407,4091438.9779189527,109.3,sa_5_2022_spring_cdwr_203003,110.216
16,16,254826.4594330748,4091410.7571213436,108.3,sa_5_2022_spring_cdwr_203003,106.516
17,17,254853.19607750737,4091383.6142557953,105.7,sa_5_2022_spring_cdwr_203003,105.363
18,18,254880.16264411202,4091357.119916031,89.1,sa_5_2022_spring_cdwr_203003,97.052
19,19,254906.02290509385,4091330.6838494176,87.6,sa_5_2022_spring_cdwr_203003,102.14
20,20,254930.57924491118,4091303.8751060204,87.7,sa_5_2022_spring_cdwr_203003,103.069
21,21,254954.12412670342,4091277.0279672993,87.9,sa_5_2022_spring_cdwr_203003,92.695
22,22,254977.54973789252,4091250.434404846,88.2,sa_5_2022_spring_cdwr_203003,91.968
23,23,255002.07415341734,4091224.2902525677,89.2,sa_5_2022_spring_cdwr_203003,88.311
24,24,255028.47997866504,4091198.5786674833,90.5,sa_5_2022_spring_cdwr_203003,88.42
25,25,255056.2144396941,4091173.402934348,90.8,sa_5_2022_spring_cdwr_203003,88.746
26,26,255084.0039307789,4091148.2332795532,91.0,sa_5_2022_spring_cdwr_203003,89.791
27,27,255111.41882648124,4091122.044940311,91.3,sa_5_2022_spring_cdwr_203003,90.394
28,28,255138.6767732126,4091094.417318357,91.1,sa_5_2022_spring_cdwr_203003,89.167
29,29,255165.91794923818,4091065.8846591883,90.9,sa_5_2022_spring_cdwr_203003,88.409
30,30,255192.5956061914,4091037.5493108085,91.4,sa_5_2022_spring_cdwr_203003,90.624
31,31,255218.53964960476,4091009.8538035857,91.0,sa_5_2022_spring_cdwr_203003,93.774
32,32,255243.85863747523,4090982.8259443967,91.7,sa_5_2022_spring_cdwr_203003,97.855
33,33,255269.15759359923,4090955.908016807,91.4,sa_5_2022_spring_cdwr_203003,100.902
34,34,255295.29089516078,4090928.3783180933,89.2,sa_5_2022_spring_cdwr_203003,84.419
35,35,255322.3485630273,4090900.546280091,89.9,sa_5_2022_spring_cdwr_203003,88.301
36,36,255349.85178344714,4090873.309136737,91.2,sa_5_2022_spring_cdwr_203003,92.075
37,37,255377.17257265528,4090847.3658461925,91.7,sa_5_2022_spring_cdwr_203003,104.864
38,38,255404.5604604381,4090822.123049319,89.3,sa_5_2022_spring_cdwr_203003,122.668
39,39,255432.4125442535,4090796.3269804646,88.5,sa_5_2022_spring_cdwr_203003,154.31
40,40,255460.34685233847,4090769.474431024,87.9,sa_5_2022_spring_cdwr_203003,190.253
41,41,255487.43365198487,4090741.9459830285,87.9,sa_5_2022_spring_cdwr_203003,220.178
42,42,255513.3427301402,4090714.3219222007,88.0,sa_5_2022_spring_cdwr_203003,227.297
43,43,255538.54083109947,4090686.6890345197,88.0,sa_5_2022_spring_cdwr_203003,228.787
44,44,255563.57997242155,4090658.7957344824,88.0,sa_5_2022_spring_cdwr_203003,228.5
45,45,255588.60166749792,4090630.348719129,88.8,sa_5_2022_spring_cdwr_203003,224.719
46,46,255613.42449924946,4090601.3068623473,90.6,sa_5_2022_spring_cdwr_203003,217.501
47,47,255637.65978359134,4090572.010284813,91.7,sa_5_2022_spring_cdwr_203003,204.098
48,48,255661.54423403722,4090542.763797234,90.6,sa_5_2022_spring_cdwr_203003,179.624
49,49,255685.95532346985,4090513.578797719,90.3,sa_5_2022_spring_cdwr_203003,157.145
50,50,255711.67732930608,4090484.180774078,90.8,sa_5_2022_spring_cdwr_203003,168.341
51,51,255738.81637071684,4090454.644451433,90.9,sa_5_2022_spring_cdwr_203003,140.247
52,52,255766.92437771402,4090425.475760347,91.0,sa_5_2022_spring_cdwr_203003,122.135
53,53,255795.3809056138,4090397.115799621,91.2,sa_5_2022_spring_cdwr_203003,113.157
54,54,255823.47549006055,4090369.696236662,91.4,sa_5_2022_spring_cdwr_203003,110.181
55,55,255851.19653445247,4090342.538258316,91.6,sa_5_2022_spring_cdwr_203003,108.215
56,56,255878.3393289713,4090315.1721061193,91.7,sa_5_2022_spring_cdwr_203003,113.0
57,57,255904.5373837645,4090287.5859016464,91.8,sa_5_2022_spring_cdwr_203003,114.395
58,58,255929.85230542134,4090259.7464778563,92.0,sa_5_2022_spring_cdwr_203003,116.041
59,59,255954.7388264516,4090231.545834283,92.0,sa_5_2022_spring_cdwr_203003,111.951
60,60,255979.31536121218,4090203.511093005,92.1,sa_5_2022_spring_cdwr_203003,111.046
61,61,256003.82501941948,4090176.212288838,92.2,sa_5_2022_spring_cdwr_203003,110.191
62,62,256028.9574859157,4090149.5418291613,88.3,sa_5_2022_spring_cdwr_203003,107.708
63,63,256055.27722919706,4090123.146252788,84.0,sa_5_2022_spring_cdwr_203003,106.967
64,64,256082.70771318546,4090096.9577106717,83.9,sa_5_2022_spring_cdwr_203003,123.179
65,65,256110.35171053305,4090071.2698834674,84.6,sa_5_2022_spring_cdwr_203003,123.362
66,66,256137.14595048476,4090046.139674496,85.4,sa_5_2022_spring_cdwr_203003,125.638
67,67,256162.64564066837,4090021.1204990293,85.2,sa_5_2022_spring_cdwr_203003,129.645
68,68,256187.48260886667,4089995.0761119425,84.5,sa_5_2022_spring_cdwr_203003,131.997
69,69,256212.5381411667,4089967.393264061,84.9,sa_5_2022_spring_cdwr_203003,134.122
70,70,256237.71238551196,4089939.004088944,84.7,sa_5_2022_spring_cdwr_203003,132.472
71,71,256263.03703530185,4089910.914643478,84.9,sa_5_2022_spring_cdwr_203003,132.26
72,72,254537.10917868544,4089911.8356271214,89.7,sa_5_2022_spring_cdwr_291352,148.15
73,73,254551.86483053514,4089945.689234699,89.9,sa_5_2022_spring_cdwr_291352,167.277
74,74,254567.53196883397,4089979.7014933093,90.1,sa_5_2022_spring_cdwr_291352,171.959
75,75,254583.35192953417,4090013.779192787,90.4,sa_5_2022_spring_cdwr_291352,151.746
76,76,254598.64204518113,4090047.569109296,90.6,sa_5_2022_spring_cdwr_291352,152.758
77,77,254613.01381838357,4090081.0444439887,90.7,sa_5_2022_spring_cdwr_291352,153.398
78,78,254626.40175010805,4090114.3633941025,90.9,sa_5_2022_spring_cdwr_291352,151.277
79,79,254639.21319789547,4090147.7785596424,91.1,sa_5_2022_spring_cdwr_291352,149.051
80,80,254652.1327184362,4090181.2059294675,91.1,sa_5_2022_spring_cdwr_291352,147.124
81,81,254665.64871953832,4090214.1148806484,91.2,sa_5_2022_spring_cdwr_291352,145.454
82,82,254680.01856619914,4090245.9742594794,91.2,sa_5_2022_spring_cdwr_291352,142.019
83,83,254695.3706005882,4090276.6941504194,91.1,sa_5_2022_spring_cdwr_291352,136.443
84,84,254711.84204806117,4090306.715213303,90.9,sa_5_2022_spring_cdwr_291352,133.902
85,85,254729.32885008154,4090336.6496469267,90.7,sa_5_2022_spring_cdwr_291352,124.878
86,86,254747.3066848882,4090367.193145307,90.0,sa_5_2022_spring_cdwr_291352,123.854
87,87,254764.7208878594,4090398.738030209,88.9,sa_5_2022_spring_cdwr_291352,124.552
88,88,254780.53551057633,4090430.965625762,87.4,sa_5_2022_spring_cdwr_291352,131.869
89,89,254794.51626909155,4090463.461749768,87.3,sa_5_2022_spring_cdwr_291352,128.629
90,90,254807.34728661444,4090496.501511882,87.3,sa_5_2022_spring_cdwr_291352,128.53
91,91,254820.175084487,4090530.806053123,87.7,sa_5_2022_spring_cdwr_291352,106.582
92,92,254833.87436534386,4090565.863810793,87.6,sa_5_2022_spring_cdwr_291352,110.93
93,93,254848.95077629294,4090600.3863695073,87.5,sa_5_2022_spring_cdwr_291352,115.261
94,94,254865.34060855603,4090633.4701596536,87.4,sa_5_2022_spring_cdwr_291352,115.841
95,95,254882.82848563997,4090665.239064427,87.2,sa_5_2022_spring_cdwr_291352,112.574
96,96,254901.31937287655,4090696.156671088,86.8,sa_5_2022_spring_cdwr_291352,111.569
97,97,254920.6204311861,4090726.627193634,86.0,sa_5_2022_spring_cdwr_291352,112.349
98,98,254940.26278426408,4090756.9932796173,85.5,sa_5_2022_spring_cdwr_291352,111.995
99,99,254959.69319698375,4090787.529973523,85.4,sa_5_2022_spring_cdwr_291352,114.334
100,100,254978.52440112465,4090818.249472488,85.6,sa_5_2022_spring_cdwr_291352,122.081
101,101,254996.49594754004,4090848.714999088,90.0,sa_5_2022_spring_cdwr_291352,131.571
102,102,255013.98261229796,4090878.766423202,90.8,sa_5_2022_spring_cdwr_291352,137.994
103,103,255031.84920812453,4090908.759034438,90.6,sa_5_2022_spring_cdwr_291352,138.015
104,104,255050.63557322658,4090938.738283348,90.7,sa_5_2022_spring_cdwr_291352,132.22
105,105,255070.69664885072,4090968.3494965457,90.7,sa_5_2022_spring_cdwr_291352,126.48
106,106,255092.3231751589,4090997.310277819,90.6,sa_5_2022_spring_cdwr_291352,118.763
107,107,255115.49386243182,4091025.87891991,90.7,sa_5_2022_spring_cdwr_291352,112.928
108,108,255139.76179830552,4091054.2880863626,90.8,sa_5_2022_spring_cdwr_291352,89.607
109,109,255164.4834582797,4091082.3706857283,91.0,sa_5_2022_spring_cdwr_291352,84.607
110,110,255189.38866094628,4091110.002514556,91.1,sa_5_2022_spring_cdwr_291352,82.744
111,111,255214.2253693188,4091137.3866781485,91.2,sa_5_2022_spring_cdwr_291352,80.996
112,112,255238.7658046141,4091165.061204348,91.3,sa_5_2022_spring_cdwr_291352,77.595
113,113,255262.74078896115,4091193.057991657,91.3,sa_5_2022_spring_cdwr_291352,76.651
114,114,255286.41579479858,4091221.103251875,91.3,sa_5_2022_spring_cdwr_291352,64.011
115,115,255310.52620368422,4091248.9240088705,91.4,sa_5_2022_spring_cdwr_291352,62.19
116,116,255335.68345719855,4091276.3526766435,91.5,sa_5_2022_spring_cdwr_291352,59.97
117,117,255361.72172390352,4091302.9729187465,91.5,sa_5_2022_spring_cdwr_291352,74.802
118,118,255387.989625688,4091328.4305331586,91.7,sa_5_2022_spring_cdwr_291352,64.742
119,119,255413.91433688696,4091352.8138235896,91.9,sa_5_2022_spring_cdwr_291352,71.537
120,120,255439.5766513797,4091376.8228446953,92.1,sa_5_2022_spring_cdwr_291352,89.558
121,121,255465.34661202994,4091401.265639297,92.5,sa_5_2022_spring_cdwr_291352,125.377
122,122,255491.12764239,4091426.121829243,90.1,sa_5_2022_spring_cdwr_291352,203.996
123,123,255516.7353354664,4091451.006890534,92.0,sa_5_2022_spring_cdwr_291352,290.371
124,124,255542.835466813,4091476.1106311167,92.1,sa_5_2022_spring_cdwr_291352,382.262
125,125,255570.0772017883,4091501.71706133,91.2,sa_5_2022_spring_cdwr_291352,384.545
126,126,255598.45830816487,4091527.631084502,90.5,sa_5_2022_spring_cdwr_291352,272.936
127,127,255627.62224847337,4091553.411145491,90.1,sa_5_2022_spring_cdwr_291352,269.523
128,128,255657.33081227817,4091578.580735843,90.2,sa_5_2022_spring_cdwr_291352,277.164
129,129,255687.14773077727,4091602.5290670455,90.2,sa_5_2022_spring_cdwr_291352,307.916
130,130,255717.10429774635,4091625.2551540104,90.2,sa_5_2022_spring_cdwr_291352,307.928
131,131,255747.44560393624,4091647.453874261,90.2,sa_5_2022_spring_cdwr_291352,318.786
132,132,255777.95955059168,4091669.8501197114,90.3,sa_5_2022_spring_cdwr_291352,339.185
133,133,255808.04205029254,4091692.720538422,90.4,sa_5_2022_spring_cdwr_291352,354.194
134,134,255837.4930894505,4091715.9309115456,90.5,sa_5_2022_spring_cdwr_291352,366.196
135,135,255866.6348701997,4091739.268117007,90.9,sa_5_2022_spring_cdwr_291352,388.313
136,136,255896.06049192388,4091762.5417255857,91.7,sa_5_2022_spring_cdwr_291352,454.611
137,137,255926.06255118456,4091785.406834938,92.1,sa_5_2022_spring_cdwr_291352,413.314
138,138,256060.9485146521,4092892.164373361,92.2,sa_5_2022_spring_cdwr_291352,44.695
139,139,256065.76233960022,4092856.804867498,92.4,sa_5_2022_spring_cdwr_291352,68.001
140,140,256070.2108243718,4092820.972863648,92.5,sa_5_2022_spring_cdwr_291352,67.821
141,141,256074.25416694564,4092784.958460351,92.7,sa_5_2022_spring_cdwr_291352,68.341
142,142,256077.88189301375,4092748.988379205,92.9,sa_5_2022_spring_cdwr_291352,61.123
143,143,256081.0737803363,4092713.477007646,93.1,sa_5_2022_spring_cdwr_291352,85.764
144,144,256083.93002895627,4092678.1869899686,93.2,sa_5_2022_spring_cdwr_291352,92.209
145,145,256086.54466218353,4092642.4986410304,93.3,sa_5_2022_spring_cdwr_291352,97.909
146,146,256089.03767488492,4092606.1193352826,93.4,sa_5_2022_spring_cdwr_291352,102.455
147,147,256091.55163414465,4092569.2241329965,93.6,sa_5_2022_spring_cdwr_291352,120.353
148,148,256094.18591546733,4092532.4812721433,93.7,sa_5_2022_spring_cdwr_291352,114.803
149,149,256096.7259874518,4092496.6625600937,93.7,sa_5_2022_spring_cdwr_291352,80.658
150,150,256098.70306145126,4092462.6102675623,93.7,sa_5_2022_spring_cdwr_291352,67.366
151,151,256099.83280399285,4092430.372385418,93.5,sa_5_2022_spring_cdwr_291352,58.905
152,152,256100.19705329987,4092399.563810765,93.3,sa_5_2022_spring_cdwr_291352,60.368
153,153,256100.22061551752,4092369.499790734,92.9,sa_5_2022_spring_cdwr_291352,59.232
154,154,255098.85028154094,4089889.181216133,89.7,sa_5_2022_spring_cdwr_291401,166.036
155,155,255122.17121659056,4089907.1750664245,89.8,sa_5_2022_spring_cdwr_291401,169.678
156,156,255146.30280370158,4089924.6749829166,89.9,sa_5_2022_spring_cdwr_291401,176.602
157,157,255170.87674690114,4089942.6683977903,90.0,sa_5_2022_spring_cdwr_291401,180.396
158,158,255195.45910906946,4089961.364142316,90.1,sa_5_2022_spring_cdwr_291401,179.323
159,159,255219.87843153562,4089980.2914083567,90.1,sa_5_2022_spring_cdwr_291401,175.306
160,160,255244.3312497001,4089999.225420032,90.2,sa_5_2022_spring_cdwr_291401,167.975
161,161,255269.1121778928,4090018.1959330845,90.2,sa_5_2022_spring_cdwr_291401,162.29
162,162,255294.4290238451,4090037.149563322,90.3,sa_5_2022_spring_cdwr_291401,162.773
163,163,255319.91941519442,4090055.832295268,90.4,sa_5_2022_spring_cdwr_291401,159.905
164,164,255344.95648881578,4090074.295096207,90.6,sa_5_2022_spring_cdwr_291401,157.932
165,165,255369.1002235741,4090092.9265431683,90.7,sa_5_2022_spring_cdwr_291401,154.607
166,166,255392.13653934392,4090112.3266845355,90.8,sa_5_2022_spring_cdwr_291401,149.495
167,167,255413.99364612557,4090133.075474254,90.9,sa_5_2022_spring_cdwr_291401,147.995
168,168,255434.71925244966,4090155.382189653,91.0,sa_5_2022_spring_cdwr_291401,148.22
169,169,255454.61941517363,4090178.956152507,91.1,sa_5_2022_spring_cdwr_291401,148.159
170,170,255474.15267432833,4090203.002256379,91.1,sa_5_2022_spring_cdwr_291401,117.962
171,171,255493.72547770693,4090226.6255489388,91.1,sa_5_2022_spring_cdwr_291401,120.116
172,172,255513.54806062113,4090249.663276441,91.1,sa_5_2022_spring_cdwr_291401,122.139
173,173,255533.60291615507,4090272.7405228755,91.1,sa_5_2022_spring_cdwr_291401,121.764
174,174,255553.436853044,4090296.4492527414,91.0,sa_5_2022_spring_cdwr_291401,121.985
175,175,255572.50934398654,4090321.0328814466,90.9,sa_5_2022_spring_cdwr_291401,122.78
176,176,255590.5272691991,4090346.6333532603,90.9,sa_5_2022_spring_cdwr_291401,126.078
177,177,255607.6355828998,4090373.0665502567,90.9,sa_5_2022_spring_cdwr_291401,102.018
178,178,255624.46104089674,4090399.5945221735,90.9,sa_5_2022_spring_cdwr_291401,111.874
179,179,255641.98517326443,4090425.616472063,90.8,sa_5_2022_spring_cdwr_291401,127.768
180,180,255660.85318168,4090451.104273534,90.8,sa_5_2022_spring_cdwr_291401,167.492
181,181,255680.98562040698,4090476.146301306,90.8,sa_5_2022_spring_cdwr_291401,226.075
182,182,255701.75265914225,4090500.575031121,90.6,sa_5_2022_spring_cdwr_291401,259.426
183,183,255722.68363284308,4090524.241346434,90.0,sa_5_2022_spring_cdwr_291401,290.466
184,184,255743.576601613,4090547.198447277,89.1,sa_5_2022_spring_cdwr_291401,256.386
185,185,255764.7802656564,4090569.825684156,88.1,sa_5_2022_spring_cdwr_291401,280.41
186,186,255786.91055649094,4090592.5330240866,87.7,sa_5_2022_spring_cdwr_291401,284.458
187,187,255810.36583851808,4090615.9090317436,88.8,sa_5_2022_spring_cdwr_291401,288.412
188,188,255880.82530998794,4090692.1154322065,94.3,sa_5_2022_spring_cdwr_291401,284.937
189,189,255903.83102662995,4090718.87022857,95.1,sa_5_2022_spring_cdwr_291401,273.087
190,190,255928.2443937499,4090744.8780851536,96.6,sa_5_2022_spring_cdwr_291401,273.231
191,191,255954.55200607466,4090768.9917142694,98.0,sa_5_2022_spring_cdwr_291401,281.882
192,192,255982.65209586543,4090790.8396029384,95.5,sa_5_2022_spring_cdwr_291401,289.203
193,193,256012.4749860607,4090810.4473660802,95.4,sa_5_2022_spring_cdwr_291401,293.307
194,194,256044.12458319266,4090827.819538338,95.3,sa_5_2022_spring_cdwr_291401,299.317
195,195,256077.34833873544,4090843.018721077,94.5,sa_5_2022_spring_cdwr_291401,289.725
196,196,256111.40994959252,4090856.6614092933,93.4,sa_5_2022_spring_cdwr_291401,273.651
197,197,256145.52107125733,4090869.5765157514,92.1,sa_5_2022_spring_cdwr_291401,247.721
198,198,256179.26206170037,4090882.6750195622,91.6,sa_5_2022_spring_cdwr_291401,216.755
199,199,256212.2826891521,4090896.709580622,90.8,sa_5_2022_spring_cdwr_291401,202.125
200,200,256244.29699146296,4090912.2356686476,90.0,sa_5_2022_spring_cdwr_291401,185.799
201,201,256275.55879450912,4090929.5419398863,89.3,sa_5_2022_spring_cdwr_291401,174.75
202,202,256306.49396335508,4090948.412008193,88.6,sa_5_2022_spring_cdwr_291401,163.863
203,203,256336.94763766215,4090968.2184146163,87.7,sa_5_2022_spring_cdwr_291401,154.733
204,204,256366.4662262963,4090988.5460817954,87.8,sa_5_2022_spring_cdwr_291401,156.155
205,205,256395.04950416757,4091009.512116062,87.7,sa_5_2022_spring_cdwr_291401,151.757
206,206,256423.54584874993,4091031.1366356607,87.7,sa_5_2022_spring_cdwr_291401,149.361
207,207,256452.88989211974,4091053.1325838156,88.4,sa_5_2022_spring_cdwr_291401,144.559
208,208,256482.95075473184,4091075.012266115,89.2,sa_5_2022_spring_cdwr_291401,141.746
209,209,256512.66729875273,4091096.4031620896,89.6,sa_5_2022_spring_cdwr_291401,155.997
210,210,256540.55008618708,4091117.1960539627,90.0,sa_5_2022_spring_cdwr_291401,155.187
211,211,256566.18824478303,4091138.0830587833,90.5,sa_5_2022_spring_cdwr_291401,151.277
212,212,256589.73835751158,4091159.746226263,92.0,sa_5_2022_spring_cdwr_291401,148.713
213,213,256611.7226890586,4091182.4189177775,93.8,sa_5_2022_spring_cdwr_291401,154.93
214,214,256632.34089648837,4091205.540576213,94.5,sa_5_2022_spring_cdwr_291401,165.195
215,215,256651.24218247388,4091227.857582757,95.1,sa_5_2022_spring_cdwr_291401,175.812
216,216,256668.24250144177,4091248.189132969,95.3,sa_5_2022_spring_cdwr_291401,186.728
217,217,256683.12261127617,4091265.4179843464,95.4,sa_5_2022_spring_cdwr_291401,199.493
218,218,256695.96656413807,4091279.2292272365,95.5,sa_5_2022_spring_cdwr_291401,212.385
219,219,256707.36611273646,4091290.197524803,95.5,sa_5_2022_spring_cdwr_291401,77.723
220,220,256718.46026929558,4091299.489215931,95.6,sa_5_2022_spring_cdwr_291401,83.726
221,221,256730.86725980867,4091308.3804495838,95.6,sa_5_2022_spring_cdwr_291401,73.755
222,222,257026.71769231136,4091428.9317326997,115.4,sa_5_2022_spring_cdwr_291401,76.464
223,223,257053.53003034682,4091440.3590914938,118.7,sa_5_2022_spring_cdwr_291401,80.412
224,224,257078.27710933113,4091455.8328551506,120.3,sa_5_2022_spring_cdwr_291401,75.047
225,225,257100.67520534355,4091474.6125285006,121.3,sa_5_2022_spring_cdwr_291401,136.414
226,226,257120.89455477663,4091495.638861019,122.9,sa_5_2022_spring_cdwr_291401,139.544
227,227,257139.92199155258,4091517.9205587003,124.1,sa_5_2022_spring_cdwr_291401,160.451
228,228,257159.62456936776,4091540.8757683244,124.3,sa_5_2022_spring_cdwr_291401,174.061
229,229,257181.78690684625,4091563.66761583,123.1,sa_5_2022_spring_cdwr_291401,177.782
230,230,257207.25837979376,4091584.9812603947,124.2,sa_5_2022_spring_cdwr_291401,173.253
231,231,257235.36473756513,4091603.612309742,128.0,sa_5_2022_spring_cdwr_291401,165.706
232,232,257264.2263202715,4091619.3077127235,128.9,sa_5_2022_spring_cdwr_291401,171.268
233,233,257292.2822485471,4091633.1080736793,129.8,sa_5_2022_spring_cdwr_291401,180.429
234,234,257319.39693265076,4091647.109824046,129.2,sa_5_2022_spring_cdwr_291401,179.037
235,235,257346.37897444202,4091663.3015850373,124.1,sa_5_2022_spring_cdwr_291401,152.963
236,236,257373.49444723784,4091682.1121412655,120.8,sa_5_2022_spring_cdwr_291401,138.113
237,237,257400.69335843285,4091702.8248626767,123.3,sa_5_2022_spring_cdwr_291401,128.532
238,238,257427.42590931582,4091724.2704709913,122.2,sa_5_2022_spring_cdwr_291401,131.484
239,239,257155.64417429775,4092576.8703038953,102.5,sa_5_2022_spring_cdwr_203103,61.145
240,240,257176.52520309447,4092545.7746202974,103.3,sa_5_2022_spring_cdwr_203103,58.579
241,241,257197.77725268478,4092515.455716943,105.4,sa_5_2022_spring_cdwr_203103,57.385
242,242,257218.72909075435,4092485.2399576334,105.2,sa_5_2022_spring_cdwr_203103,56.003
243,243,257239.0358203404,4092454.1233554394,105.0,sa_5_2022_spring_cdwr_203103,62.265
244,244,257258.49074985678,4092421.5113170533,104.5,sa_5_2022_spring_cdwr_203103,63.068
245,245,257276.97063850422,4092387.2828201842,108.4,sa_5_2022_spring_cdwr_203103,67.539
246,246,257294.25970802875,4092352.045767928,113.8,sa_5_2022_spring_cdwr_203103,70.288
247,247,257310.78278013703,4092316.66891693,117.9,sa_5_2022_spring_cdwr_203103,70.69
248,248,257327.108768431,4092282.555136862,118.2,sa_5_2022_spring_cdwr_203103,68.844
249,249,257662.2269321141,4091792.0821337267,129.1,sa_5_2022_spring_cdwr_203103,121.529
250,250,257682.21322322186,4091764.15303558,129.7,sa_5_2022_spring_cdwr_203103,152.864
251,251,257701.8931276636,4091735.9447528645,128.5,sa_5_2022_spring_cdwr_203103,172.376
252,252,257721.61765909274,4091707.040287744,123.2,sa_5_2022_spring_cdwr_203103,178.632
253,253,257741.4525700832,4091677.351697154,113.4,sa_5_2022_spring_cdwr_203103,181.911
254,254,257761.07449623864,4091647.4278191812,106.3,sa_5_2022_spring_cdwr_203103,183.138
255,255,257780.2478521504,4091617.8693721397,102.0,sa_5_2022_spring_cdwr_203103,196.563
256,256,257895.3000000004,4091579.599999999,98.31,1,160.30842269903394
257,257,257864.29999999996,4091595.599999999,96.63,1,174.53001228796631
258,258,257832.60000000033,4091611.7,98.57,1,174.53001228796631
259,259,257800.39999999802,4091627.8999999985,103.13,1,174.53001228796631
260,260,257768.2999999993,4091644.400000002,108.85,1,174.53001228796631
261,261,257736.6999999996,4091660.9,114.83,1,189.747113148124
262,262,257705.60000000056,4091677.7000000007,120.25,1,189.747113148124
263,263,257675.00000000114,4091694.5999999996,124.81,1,189.747113148124
264,264,257644.50000000032,4091711.7000000007,127.65,1,189.747113148124
265,265,257613.60000000036,4091728.9999999995,128.9,1,206.02941106849264
266,266,257582.09999999902,4091746.4999999995,128.76,1,206.02941106849264
267,267,257550.3000000005,4091763.9,126.75,1,206.02941106849264
268,268,257518.20000000083,4091780.3999999994,124.18,1,206.02941106849264
269,269,257485.69999999885,4091795.1,122.32,1,206.02941106849264
270,270,257452.3000000001,4091806.499999999,121.7,1,223.4514698432872
271,271,257417.700000001,4091814.600000001,123.26,1,223.4514698432872
272,272,257381.99999999895,4091819.500000001,125.49,1,223.4514698432872
273,273,257346.00000000114,4091822.5999999996,126.81,1,223.4514698432872
274,274,257309.99999999927,4091824.9999999995,127.61,1,223.4514698432872
275,275,257274.20000000298,4091827.700000001,125.38,1,242.09307273231727
276,276,257238.5000000034,4091830.8000000003,120.69,1,242.09307273231727
277,277,257203.40000000046,4091833.999999999,115.26,1,242.09307273231727
278,278,257168.89999999973,4091837.2999999993,109.5,1,242.09307273231727
279,279,257134.79999999766,4091840.7,105.6,1,242.09307273231727
280,280,257101.0000000029,4091844.099999999,100.12,1,242.09307273231727
281,281,257067.59999999928,4091847.5000000005,96.96,1,242.09307273231727
282,282,257035.90000000058,4091850.3999999994,95.84,1,223.4514698432872
283,283,257006.30000000037,4091852.5999999996,96.19,1,223.4514698432872
284,284,256978.70000000286,4091853.9,97.86,1,223.4514698432872
285,285,256951.89999999924,4091855.000000001,98.39,1,206.02941106849264
286,286,256678.70000000155,4092124.4999999995,97.45,1,206.02941106849264
287,287,256656.19999999923,4092136.9,97.8,1,206.02941106849264
288,288,256631.79999999827,4092149.5000000005,96.83,1,189.747113148124
289,289,256606.099999999,4092163.0000000005,95.56,1,189.747113148124
290,290,256580.19999999937,4092178.5000000005,94.15,1,189.747113148124
291,291,256555.39999999924,4092197.0000000005,93.35,1,189.747113148124
292,292,256531.90000000002,4092218.5,93.04,1,174.53001228796631
293,293,256510.3999999995,4092242.6,92.6,1,174.53001228796631
294,294,256490.90000000005,4092268.0,91.99,1,160.30842269903394
295,295,256473.09999999905,4092294.3,91.35,1,160.30842269903394
296,296,256456.00000000064,4092320.999999999,90.2,1,160.30842269903394
297,297,256437.3999999991,4092347.099999999,89.85,1,160.30842269903394
298,298,256416.49999999758,4092371.8,89.97,1,160.30842269903394
299,299,256392.99999999942,4092394.0999999996,90.05,1,160.30842269903394
300,300,256367.49999999956,4092413.1999999997,90.17,1,160.30842269903394
301,301,256340.10000000097,4092429.4,89.97,1,160.30842269903394
302,302,256311.49999999965,4092443.0999999996,89.69,1,160.30842269903394
303,303,256282.80000000232,4092455.6999999997,89.65,1,160.30842269903394
304,304,256254.70000000185,4092468.0000000005,89.63,1,160.30842269903394
305,305,256227.8000000008,4092480.7000000007,89.75,1,160.30842269903394
306,306,256202.0,4092494.0000000014,89.41,1,160.30842269903394
307,307,256176.4999999995,4092507.9000000004,89.5,1,160.30842269903394
308,308,256149.89999999973,4092522.0999999996,89.38,1,174.53001228796631
309,309,256121.6999999969,4092535.9999999995,89.86,1,174.53001228796631
310,310,256092.2999999969,4092549.6,90.55,1,174.53001228796631
311,311,256062.70000000155,4092562.6000000006,91.33,1,174.53001228796631
312,312,256033.7999999993,4092575.3,92.0,1,160.30842269903394
313,313,255223.89999999918,4091645.8,88.16,0,174.53001228796631
314,314,255242.2000000005,4091632.8,88.98,0,160.30842269903394
315,315,255261.50000000067,4091620.3999999994,90.18,0,160.30842269903394
316,316,255282.1000000007,4091608.8,90.59,0,160.30842269903394
317,317,255303.7999999968,4091597.599999999,90.37,0,160.30842269903394
318,318,255326.10000000018,4091586.3999999994,89.94,0,160.30842269903394
319,319,255348.69999999998,4091574.8000000003,90.06,0,160.30842269903394
320,320,255371.4000000001,4091562.499999999,89.92,0,160.30842269903394
321,321,255394.09999999957,4091549.6,89.96,0,160.30842269903394
322,322,255416.90000000224,4091536.1999999997,89.99,0,160.30842269903394
323,323,255439.40000000107,4091521.999999999,90.47,0,160.30842269903394
324,324,255461.8000000011,4091507.1999999997,90.95,0,160.30842269903394
325,325,255484.09999999954,4091491.5000000005,91.21,0,160.30842269903394
326,326,255506.500000001,4091475.4999999995,90.37,0,160.30842269903394
327,327,255529.00000000003,4091459.2999999993,90.12,0,160.30842269903394
328,328,255551.99999999878,4091443.4999999986,90.61,0,147.01721747573265
329,329,255575.70000000086,4091428.399999999,91.22,0,147.01721747573265
330,330,255599.8000000005,4091414.0,91.15,0,147.01721747573265
331,331,255623.8000000008,4091400.6000000006,90.66,0,147.01721747573265
332,332,255647.59999999928,4091387.1,90.08,0,160.30842269903394
333,333,255671.29999999952,4091372.8,89.54,0,147.01721747573265
334,334,255694.70000000292,4091357.3,89.15,0,147.01721747573265
335,335,255717.8999999993,4091341.1999999997,88.93,0,160.30842269903394
336,336,255740.90000000113,4091325.1000000015,89.33,0,160.30842269903394
337,337,255764.0000000006,4091309.4999999995,89.94,0,147.01721747573265
338,338,255787.60000000088,4091294.399999999,89.86,0,147.01721747573265
339,339,255811.69999999955,4091279.7999999993,88.74,0,147.01721747573265
340,340,255836.69999999777,4091265.8,88.11,0,147.01721747573265
341,341,255862.40000000002,4091252.5999999996,88.97,0,147.01721747573265
342,342,255888.49999999994,4091240.5000000005,89.74,0,147.01721747573265
343,343,255914.99999999904,4091229.9000000013,89.95,0,147.01721747573265
344,344,255941.99999999962,4091220.8999999985,89.99,0,147.01721747573265
345,345,255969.49999999907,4091213.6999999997,90.12,0,160.30842269903394
346,346,255997.39999999976,4091208.5000000005,88.94,0,160.30842269903394
347,347,256025.50000000015,4091204.5,86.81,0,160.30842269903394
348,348,256054.00000000058,4091200.8,85.11,0,147.01721747573265
349,349,256082.40000000037,4091196.1,84.51,0,147.01721747573265
350,350,256110.199999998,4091189.4,85.09,0,147.01721747573265
351,351,256137.5000000002,4091180.899999999,86.64,0,147.01721747573265
352,352,256164.6000000001,4091171.0,88.36,0,147.01721747573265
353,353,256191.60000000068,4091160.8000000007,90.17,0,147.01721747573265
354,354,256218.69999999946,4091151.2999999993,91.61,0,147.01721747573265
355,355,256246.0000000002,4091143.1,92.01,0,147.01721747573265
356,356,256274.299999998,4091135.9,91.79,0,147.01721747573265
357,357,256303.79999999757,4091129.3000000007,91.3,0,147.01721747573265
358,358,256334.30000000214,4091122.700000002,91.14,0,147.01721747573265
359,359,256364.7000000007,4091115.899999999,90.72,0,160.30842269903394
360,360,256394.09999999928,4091108.8,90.81,0,147.01721747573265
361,361,256422.10000000105,4091101.6999999997,91.09,0,147.01721747573265
362,362,256449.70000000024,4091094.6999999997,91.0,0,147.01721747573265
363,363,256477.49999999904,4091087.1999999997,90.86,0,147.01721747573265
364,364,256506.10000000003,4091078.7,90.84,0,147.01721747573265
365,365,256534.8000000009,4091069.5999999987,91.13,0,147.01721747573265
366,366,256562.99999999726,4091060.3999999994,91.58,0,147.01721747573265
367,367,256590.49999999668,4091051.6,91.83,0,147.01721747573265
368,368,256617.60000000012,4091043.2,92.34,0,147.01721747573265
369,369,256644.7999999992,4091034.8000000007,92.47,0,160.30842269903394
370,370,256672.80000000107,4091026.1999999997,92.28,0,147.01721747573265
371,371,256701.7,4091016.899999999,91.66,0,147.01721747573265
372,372,256731.29999999958,4091006.6999999997,91.34,0,147.01721747573265
373,373,256761.40000000095,4090995.999999999,91.77,0,147.01721747573265
374,374,256791.00000000064,4090985.1,92.61,0,160.30842269903394
375,375,256819.79999999687,4090973.9,93.24,0,160.30842269903394
376,376,256847.29999999955,4090962.100000001,93.34,0,160.30842269903394
377,377,256872.9999999996,4090947.9000000004,93.56,0,160.30842269903394
378,378,256896.29999999932,4090930.6000000006,94.61,0,160.30842269903394
379,379,256916.29999999914,4090910.0,97.19,0,160.30842269903394
380,380,256933.0999999991,4090887.999999999,100.03,0,147.01721747573265
381,381,256947.49999999834,4090865.4999999995,105.82,0,160.30842269903394
382,382,256960.99999999965,4090842.9999999995,111.41,0,147.01721747573265
383,383,256975.39999999915,4090820.5,115.45,0,147.01721747573265
384,384,256991.09999999806,4090798.0000000005,118.37,0,147.01721747573265
385,385,257008.00000000055,4090775.5000000005,120.36,0,147.01721747573265
386,386,257025.6000000012,4090753.5,122.72,0,147.01721747573265
387,387,257043.4999999997,4090732.1999999993,124.89,0,160.30842269903394
388,388,257061.00000000093,4090711.700000001,126.48,0,147.01721747573265
389,389,257197.69999999972,4090517.9999999995,125.18,0,147.01721747573265
390,390,257211.70000000118,4090496.0999999987,124.9,0,160.30842269903394
391,391,257226.30000000016,4090475.1000000006,123.24,0,160.30842269903394
392,392,257241.89999999898,4090454.5000000005,120.53,0,160.30842269903394
393,393,257259.1999999999,4090434.2,117.45,0,174.53001228796631
394,394,257278.59999999902,4090414.399999999,115.22,0,174.53001228796631
395,395,257300.00000000044,4090395.9,115.08,0,174.53001228796631
396,396,257322.80000000304,4090380.1,116.02,0,174.53001228796631
397,397,257346.40000000008,4090367.1999999997,117.0,0,174.53001228796631
398,398,257370.5999999989,4090357.099999999,117.21,0,174.53001228796631
399,399,257395.3,4090349.0000000005,117.25,0,174.53001228796631
400,400,257420.8000000009,4090342.2,117.46,0,174.53001228796631
401,401,257447.19999999972,4090335.9999999986,118.82,0,160.30842269903394
402,402,257474.09999999922,4090329.4999999995,120.4,0,160.30842269903394
403,403,257500.900000001,4090322.1999999993,121.5,0,160.30842269903394
404,404,257527.29999999978,4090313.8000000003,122.32,0,160.30842269903394
405,405,257553.09999999998,4090305.0999999987,123.02,0,160.30842269903394
406,406,257578.3999999973,4090296.5000000005,123.42,0,160.30842269903394
407,407,257603.5000000002,4090288.6000000006,123.93,0,160.30842269903394
408,408,257628.8999999996,4090281.4,124.88,0,160.30842269903394
409,409,257654.80000000075,4090274.6,125.59,0,160.30842269903394
410,410,257681.2999999986,4090267.8,125.79,0,174.53001228796631
411,411,257707.89999999947,4090260.6999999993,126.11,0,174.53001228796631
412,412,257734.09999999937,4090253.499999999,126.5,0,174.53001228796631
413,413,257759.90000000218,4090246.1,126.61,0,189.747113148124
414,414,257785.69999999792,4090238.4,126.53,0,189.747113148124
415,415,257811.7000000019,4090230.4999999995,126.34,0,206.02941106849264
416,416,257838.00000000067,4090222.700000001,126.37,0,206.02941106849264
417,417,257864.79999999935,4090216.5,126.83,0,206.02941106849264
418,418,257892.19999999995,4090212.5999999996,126.85,0,206.02941106849264
